{
  "user":[
    {
      "id":1,
      "Name": "King",
      "Dec": "He is a smart student"
    },
    {
      "id":2,
      "Name": "King",
      "Dec": "He is a smart student"
    },
    {
      "id":3,
      "Name": "King",
      "Dec": "He is a smart student"
    },
    {
      "id":4,
      "Name": "King",
      "Dec": "He is a smart student"
    }
  ],
  "posts": [
    {
      "id": 1,
      "title": "json-server",
      "author": "typicode"
    }
  ],
  "comments": [
    {
      "id": 1,
      "body": "some comment",
      "postId": 1
    }
  ],
  "profile": {
    "name": "typicode"
  }
}
